route_id,observed_delay,predicted_delay,most_effective_single_lever,max_single_savings,dedicated_row_upgrade_pred,dedicated_row_upgrade_savings,dedicated_row_upgrade_on_time,headway_regularization_pred,headway_regularization_savings,headway_regularization_on_time,upstream_delay_absorption_pred,upstream_delay_absorption_savings,upstream_delay_absorption_on_time,transit_signal_priority_pred,transit_signal_priority_savings,transit_signal_priority_on_time,joint_multimodal_remedy_pred,joint_multimodal_remedy_savings,joint_multimodal_remedy_on_time
173,381.0,5.96681986977204,headway_regularization,32.78033059424332,3.7217267006315553,2.245093169140485,True,-26.81351072447128,32.78033059424332,True,12.225314751295734,-6.258494881523694,True,5.96681986977204,0.0,True,-4.03697664790221,10.00379651767425,True
4,353.0,12.072514653193952,headway_regularization,12.942256953462703,12.072514653193952,0.0,True,-0.8697423002687517,12.942256953462703,True,21.322875323898366,-9.250360670704413,True,12.072514653193952,0.0,True,-1.0255802501712725,13.098094903365224,True
256,406.0,5.583384879933939,dedicated_row_upgrade,1.3695229786227392,4.2138619013111995,1.3695229786227392,True,9.947667852209232,-4.364282972275293,True,11.21917747546898,-5.635792595535041,True,5.583384879933939,0.0,True,12.853296943353618,-7.269912063419679,True
402,481.0,40.52500718455422,headway_regularization,35.828069662928634,28.922681971855248,11.602325212698972,True,4.696937521625586,35.828069662928634,True,41.16408448678288,-0.6390773022286638,True,40.52500718455422,0.0,True,9.715583751603758,30.80942343295046,True
161,301.0,21.3757959509219,headway_regularization,2.64857165474049,22.037950869459102,-0.6621549185372011,True,18.72722429618141,2.64857165474049,True,18.727449571587936,2.648346379333965,True,21.3757959509219,0.0,True,15.302997538965242,6.07279841195666,True
198,412.0,18.370256559155628,upstream_delay_absorption,9.730825764947946,21.198627796009056,-2.828371236853428,True,33.4831927126874,-15.11293615353177,True,8.639430794207682,9.730825764947946,True,18.370256559155628,0.0,True,15.317004118902899,3.053252440252729,True
256,374.0,14.411710814300582,headway_regularization,5.016441204543792,13.868833099806254,0.5428777144943275,True,9.39526960975679,5.016441204543792,True,22.062606445049845,-7.650895630749263,True,14.411710814300582,0.0,True,17.208040669546595,-2.7963298552460127,True
256,504.0,6.332956238112098,transit_signal_priority,0.0,7.056017050024332,-0.7230608119122337,True,9.39526960975679,-3.0623133716446915,True,12.572089058422794,-6.2391328203106955,True,6.332956238112098,0.0,True,17.208040669546595,-10.875084431434496,True
154,644.0,19.918225929390097,headway_regularization,9.667816629067637,17.255044810177967,2.6631811192121297,True,10.25040930032246,9.667816629067637,True,19.78901443457642,0.12921149481367777,True,19.918225929390097,0.0,True,7.741512864557558,12.176713064832539,True
114,325.0,4.343865968540585,transit_signal_priority,0.0,5.558040079608259,-1.214174111067674,True,7.57076741273411,-3.2269014441935253,True,9.245499834930325,-4.90163386638974,True,4.343865968540585,0.0,True,12.915225865115112,-8.571359896574528,True
712,444.0,11.081091792972563,headway_regularization,6.708671486450388,10.904634298766537,0.1764574942060264,True,4.372420306522175,6.708671486450388,True,20.803635649289095,-9.722543856316532,True,11.081091792972563,0.0,True,7.175528132152589,3.9055636608199737,True
L-4,346.0,18.58330750868899,headway_regularization,3.1809656238829973,20.047093829840474,-1.4637863211514848,True,15.402341884805992,3.1809656238829973,True,21.692840512901963,-3.109533004212974,True,18.58330750868899,0.0,True,22.0287231793842,-3.445415670695212,True
127,535.0,29.846158987616448,headway_regularization,14.061566494092524,26.673962934209055,3.1721960534073936,True,15.784592493523924,14.061566494092524,True,30.45715452121678,-0.610995533600331,True,29.846158987616448,0.0,True,22.58656589768843,7.259593089928018,True
707,438.0,21.153852050869375,headway_regularization,5.360394476081094,22.617638372020867,-1.4637863211514919,True,15.793457574788281,5.360394476081094,True,22.268145991002488,-1.1142939401331127,True,21.153852050869375,0.0,True,20.269199238568504,0.884652812300871,True
218,300.0,21.849044421900935,headway_regularization,6.055586847112654,23.312830743052427,-1.4637863211514919,True,15.793457574788281,6.055586847112654,True,22.268145991002488,-0.41910156910155294,True,21.849044421900935,0.0,True,20.78855970368522,1.060484718215715,True
156,691.0,11.308130315903755,transit_signal_priority,0.0,15.498860234931616,-4.190729919027861,True,17.007925354481966,-5.699795038578211,True,13.251764923529848,-1.9436346076260929,True,11.308130315903755,0.0,True,19.23306906339766,-7.924938747493906,True
326,319.0,12.911199216064068,transit_signal_priority,0.0,15.229590470693072,-2.318391254629004,True,22.151099253218277,-9.239900037154209,True,14.941776488970621,-2.0305772729065534,True,12.911199216064068,0.0,True,25.87967229226616,-12.968473076202093,True
204,669.0,20.57765745687612,headway_regularization,0.469312750744443,22.77614395227868,-2.198486495402559,True,20.10834470613168,0.469312750744443,True,21.16426521281121,-0.5866077559350877,True,20.57765745687612,0.0,True,17.25724389593977,3.320413560936352,True
512,336.0,9.182888152049916,transit_signal_priority,0.0,12.09991842962251,-2.9170302775725947,True,14.955906999208718,-5.773018847158802,True,11.310157316837369,-2.127269164787453,True,9.182888152049916,0.0,True,20.225467605409605,-11.04257945335969,True
210,320.0,13.387906566785857,transit_signal_priority,0.0,15.949104802014954,-2.5611982352290976,True,17.88140558593134,-4.493499019145483,True,13.657106371428236,-0.2691998046423798,True,13.387906566785857,0.0,True,22.049372443621724,-8.661465876835868,True
414,399.0,12.311028191975419,upstream_delay_absorption,0.5480644209524907,14.518863119428689,-2.20783492745327,True,17.746170299437434,-5.435142107462015,True,11.762963771022928,0.5480644209524907,True,12.311028191975419,0.0,True,17.59039717027505,-5.279368978299631,True
150,362.0,8.301685588230166,dedicated_row_upgrade,1.3109921208264943,6.990693467403672,1.3109921208264943,True,17.769066905148076,-9.46738131691791,True,8.220069579188417,0.08161600904174904,True,8.301685588230166,0.0,True,15.502809639763948,-7.201124051533782,True
116,341.0,-0.03952418976413303,dedicated_row_upgrade,1.5162705646231502,-1.5557947543872832,1.5162705646231502,True,14.422428867645838,-14.461953057409971,True,6.993540944273307,-7.03306513403744,True,-0.03952418976413303,0.0,True,10.532573413427178,-10.572097603191311,True
181,350.0,8.24809256426545,dedicated_row_upgrade,1.516270564623146,6.731821999642304,1.516270564623146,True,13.936305961455535,-5.688213397190085,True,8.83552003349268,-0.5874274692272294,True,8.24809256426545,0.0,True,10.933298979057836,-2.685206414792386,True
401,441.0,6.161728538472208,dedicated_row_upgrade,3.718092184075954,2.4436363543962543,3.718092184075954,True,15.60754129799291,-9.445812759520702,True,8.220069579188417,-2.0583410407162086,True,6.161728538472208,0.0,True,10.908203105534618,-4.7464745670624096,True
191,389.0,23.961761522468333,dedicated_row_upgrade,4.984030710482514,18.97773081198582,4.984030710482514,True,19.954245582734842,4.007515939733491,True,20.068778265729023,3.89298325673931,True,23.961761522468333,0.0,True,10.908203105534618,13.053558416933715,True
114,341.0,7.174733347215046,headway_regularization,5.474677117777207,4.064823718857475,3.1099096283575705,True,1.7000562294378385,5.474677117777207,True,8.480519546407951,-1.3057861991929052,True,7.174733347215046,0.0,True,10.939928415394665,-3.7651950681796187,True
150,356.0,14.778252060402133,dedicated_row_upgrade,2.74555758524788,12.032694475154253,2.74555758524788,True,14.611408042067799,0.16684401833433427,True,18.727544605997124,-3.949292545594991,True,14.778252060402133,0.0,True,15.167344944686445,-0.3890928842843113,True
L-4,830.0,19.202961626874483,dedicated_row_upgrade,1.8115667788601186,17.391394848014365,1.8115667788601186,True,19.25668645317774,-0.053724826303255924,True,19.564616141554133,-0.3616545146796497,True,19.202961626874483,0.0,True,16.70421153739654,2.4987500894779444,True
743,332.0,7.654961639123959,dedicated_row_upgrade,1.5162705646231505,6.138691074500809,1.5162705646231505,True,13.186011912393687,-5.531050273269727,True,8.430641428170354,-0.7756797890463947,True,7.654961639123959,0.0,True,15.00289958294475,-7.34793794382079,True
123,321.0,9.643083121190159,dedicated_row_upgrade,1.3109921208264943,8.332091000363665,1.3109921208264943,True,13.118361162569606,-3.475278041379447,True,10.656586925582031,-1.0135038043918723,True,9.643083121190159,0.0,True,14.82227532527808,-5.17919220408792,True
514,417.0,28.07348325081952,dedicated_row_upgrade,3.672093229224714,24.401390021594807,3.672093229224714,True,31.22538631182258,-3.1519030610030576,True,28.07348325081952,0.0,True,28.07348325081952,0.0,True,24.895439764565165,3.1780434862543565,True
18,600.0,10.677239655306478,headway_regularization,2.791677831283793,10.677239655306478,0.0,True,7.885561824022685,2.791677831283793,True,12.7197251267821,-2.042485471475622,True,10.677239655306478,0.0,True,10.454104151716434,0.22313550359004353,True
192,351.0,23.171985424629362,dedicated_row_upgrade,3.771605090107421,19.40038033452194,3.771605090107421,True,23.171985424629362,0.0,True,23.171985424629362,0.0,True,23.171985424629362,0.0,True,19.40038033452194,3.771605090107421,True
326,569.0,18.21985301385492,headway_regularization,4.481211234830921,18.099382898850912,0.12047011500400728,True,13.738641779023999,4.481211234830921,True,27.518359822508067,-9.298506808653148,True,18.21985301385492,0.0,True,13.917012958841225,4.302840055013695,True
523,779.0,24.417537445155336,dedicated_row_upgrade,3.5669481691115443,20.85058927604379,3.5669481691115443,True,23.14590336684652,1.2716340783088143,True,24.417537445155336,0.0,True,24.417537445155336,0.0,True,16.92110187970227,7.496435565453066,True
518,444.0,-4.743058755417481,transit_signal_priority,0.0,-4.709903522927938,-0.033155232489542996,True,6.704454619852844,-11.447513375270326,True,-4.453392986804526,-0.2896657686129549,True,-4.743058755417481,0.0,True,4.2406062119694665,-8.983664967386947,True
179,957.0,-4.335836722984215,headway_regularization,71.78005028951705,4.236197280923279,-8.572034003907493,True,-76.11588701250126,71.78005028951705,True,8.068908807893715,-12.40474553087793,True,-4.335836722984215,0.0,True,-10.774846961957259,6.439010238973044,True
153,355.0,11.79879653419136,headway_regularization,4.625758706252361,10.875481559085301,0.9233149751060594,True,7.173037827939,4.625758706252361,True,14.150273718630745,-2.351477184439384,True,11.79879653419136,0.0,True,8.590906354424932,3.2078901797664283,True
115,1475.0,15.235666694969149,headway_regularization,6.692986628509356,14.2666644239491,0.9690022710200488,True,8.542680066459793,6.692986628509356,True,17.145208024615435,-1.9095413296462862,True,15.235666694969149,0.0,True,9.336032765303157,5.899633929665992,True
153,375.0,11.414443849842526,headway_regularization,3.490521118054838,10.491128874736466,0.9233149751060594,True,7.9239227317876875,3.490521118054838,True,13.76592103428191,-2.351477184439384,True,11.414443849842526,0.0,True,9.204898581338144,2.2095452685043817,True
504,314.0,-15.07872539948163,headway_regularization,2.3867648643832595,-8.865963277564056,-6.212762121917574,True,-17.46549026386489,2.3867648643832595,True,-9.523979836957862,-5.5547455625237685,True,-15.07872539948163,0.0,True,-2.7905365608537354,-12.288188838627896,True
256,399.0,12.952281772917704,headway_regularization,10.068191122499226,11.929707232668056,1.0225745402496482,True,2.8840906504184787,10.068191122499226,True,18.142396589678793,-5.190114816761088,True,12.952281772917704,0.0,True,11.349136642672484,1.6031451302452204,True
218,1267.0,40.978028611250195,upstream_delay_absorption,33.9617068569963,41.67634282109938,-0.6983142098491868,True,39.15602768982176,1.8220009214284332,True,7.016321754253892,33.9617068569963,True,40.978028611250195,0.0,True,4.794693821379892,36.1833347898703,True
228,357.0,9.438253605755229,dedicated_row_upgrade,5.081349217384554,4.356904388370674,5.081349217384554,True,9.438253605755229,0.0,True,9.438253605755229,0.0,True,9.438253605755229,0.0,True,4.356904388370674,5.081349217384554,True
