cohort,model,val_mae,val_rmse,val_medae,val_wape,val_r2
pooled,TWFE Panel Regression,29.0832,47.7272,21.2048,103.3757,-0.0206
pooled,LightGBM Regressor,28.3177,46.8316,20.6142,100.6547,0.0173
pooled,CatBoost Regressor,28.1843,46.8114,20.5151,100.1807,0.0182
urban_tram,TWFE Panel Regression,27.7188,53.8938,19.8639,99.5386,0.0044
urban_tram,LightGBM Regressor,27.0159,53.2825,19.4171,97.0145,0.0268
urban_tram,CatBoost Regressor,27.2111,53.4635,19.4298,97.7155,0.0202
urban_bus,TWFE Panel Regression,31.4782,48.3927,24.7062,108.7807,-0.0645
urban_bus,LightGBM Regressor,29.077,46.6365,21.0953,100.4827,0.0113
urban_bus,CatBoost Regressor,29.109,46.564,21.2903,100.5933,0.0144
suburban_bus,TWFE Panel Regression,30.5389,46.3522,22.4459,109.9042,-0.0966
suburban_bus,LightGBM Regressor,28.0075,43.9582,20.286,100.7944,0.0138
suburban_bus,CatBoost Regressor,28.0432,44.0806,20.008,100.9228,0.0083
